relpath	folder	filename	size_bytes	size_human	extension	mime	created	modified	mode	checksum	archive	too_large
.git/COMMIT_EDITMSG	.git	COMMIT_EDITMSG	56	56.00B			2026-03-09T15:40:52.215827	2026-03-09T15:50:26.862854	0o666	fd4ffd57d05f4519e3bbf1b179edaa391a2682dacb611aa6f66be3ff3636f508	archive_0001.zip	FALSE
.git/HEAD	.git	HEAD	21	21.00B			2026-03-09T16:57:22.417631	2026-03-09T16:57:22.417631	0o666	28d25bf82af4c0e2b72f50959b2beb859e3e60b9630a5e8c603dad4ddb2b6e80	archive_0001.zip	FALSE
.git/config	.git	config	454	454.00B			2026-03-09T15:42:43.121842	2026-03-09T15:42:43.122842	0o666	291706bf8e4cecdf5eefe4435be7568d5491dd7eed6928f07fc321325eeb1c41	archive_0001.zip	FALSE
.git/description	.git	description	73	73.00B			2026-03-09T15:40:05.009047	2026-03-09T15:40:05.009047	0o666	85ab6c163d43a17ea9cf7788308bca1466f1b0a8d1cc92e26e9bf63da4062aee	archive_0001.zip	FALSE
.git/hooks/applypatch-msg.sample	.git/hooks	applypatch-msg.sample	478	478.00B	.sample		2026-03-09T15:40:05.009047	2026-03-09T15:40:05.009047	0o666	0223497a0b8b033aa58a3a521b8629869386cf7ab0e2f101963d328aa62193f7	archive_0001.zip	FALSE
.git/hooks/commit-msg.sample	.git/hooks	commit-msg.sample	896	896.00B	.sample		2026-03-09T15:40:05.009047	2026-03-09T15:40:05.010048	0o666	1f74d5e9292979b573ebd59741d46cb93ff391acdd083d340b94370753d92437	archive_0001.zip	FALSE
.git/hooks/fsmonitor-watchman.sample	.git/hooks	fsmonitor-watchman.sample	4726	4.62KB	.sample		2026-03-09T15:40:05.010048	2026-03-09T15:40:05.010048	0o666	e0549964e93897b519bd8e333c037e51fff0f88ba13e086a331592bf801fa1d0	archive_0001.zip	FALSE
.git/hooks/post-checkout	.git/hooks	post-checkout	360	360.00B			2026-03-09T15:40:05.483238	2026-03-09T15:40:05.483238	0o666	8d606e58cce98604696a4abcf3ae1ebde6f9f31ac72bb0d44e2444cc39f26030	archive_0001.zip	FALSE
.git/hooks/post-commit	.git/hooks	post-commit	356	356.00B			2026-03-09T15:40:05.483238	2026-03-09T15:40:05.483238	0o666	f3eb4d1f62924c09d481a0563a84b158c66eb2feb3431cfdb3e6760aab4d661d	archive_0001.zip	FALSE
.git/hooks/post-merge	.git/hooks	post-merge	354	354.00B			2026-03-09T15:40:05.483238	2026-03-09T15:40:05.483238	0o666	cecb594e8fa65831654fc95e96db9f1249e09c52810c6fbb2b428280aac22158	archive_0001.zip	FALSE
.git/hooks/post-update.sample	.git/hooks	post-update.sample	189	189.00B	.sample		2026-03-09T15:40:05.011049	2026-03-09T15:40:05.011049	0o666	81765af2daef323061dcbc5e61fc16481cb74b3bac9ad8a174b186523586f6c5	archive_0001.zip	FALSE
.git/hooks/pre-applypatch.sample	.git/hooks	pre-applypatch.sample	424	424.00B	.sample		2026-03-09T15:40:05.011049	2026-03-09T15:40:05.011049	0o666	e15c5b469ea3e0a695bea6f2c82bcf8e62821074939ddd85b77e0007ff165475	archive_0001.zip	FALSE
.git/hooks/pre-commit.sample	.git/hooks	pre-commit.sample	1649	1.61KB	.sample		2026-03-09T15:40:05.011049	2026-03-09T15:40:05.011049	0o666	57185b7b9f05239d7ab52db045f5b89eb31348d7b2177eab214f5eb872e1971b	archive_0001.zip	FALSE
.git/hooks/pre-merge-commit.sample	.git/hooks	pre-merge-commit.sample	416	416.00B	.sample		2026-03-09T15:40:05.011049	2026-03-09T15:40:05.011049	0o666	d3825a70337940ebbd0a5c072984e13245920cdf8898bd225c8d27a6dfc9cb53	archive_0001.zip	FALSE
.git/hooks/pre-push	.git/hooks	pre-push	350	350.00B			2026-03-09T15:40:05.482734	2026-03-09T15:40:05.482734	0o666	a52d0510d0f8c75e27852156ec6f7791f0d8ed65fc58fcc368dd1de0a60a1d74	archive_0001.zip	FALSE
.git/hooks/pre-push.sample	.git/hooks	pre-push.sample	1374	1.34KB	.sample		2026-03-09T15:40:05.012048	2026-03-09T15:40:05.012048	0o666	ecce9c7e04d3f5dd9d8ada81753dd1d549a9634b26770042b58dda00217d086a	archive_0001.zip	FALSE
.git/hooks/pre-rebase.sample	.git/hooks	pre-rebase.sample	4898	4.78KB	.sample		2026-03-09T15:40:05.012048	2026-03-09T15:40:05.012048	0o666	4febce867790052338076f4e66cc47efb14879d18097d1d61c8261859eaaa7b3	archive_0001.zip	FALSE
.git/hooks/pre-receive.sample	.git/hooks	pre-receive.sample	544	544.00B	.sample		2026-03-09T15:40:05.012048	2026-03-09T15:40:05.012048	0o666	a4c3d2b9c7bb3fd8d1441c31bd4ee71a595d66b44fcf49ddb310252320169989	archive_0001.zip	FALSE
.git/hooks/prepare-commit-msg.sample	.git/hooks	prepare-commit-msg.sample	1492	1.46KB	.sample		2026-03-09T15:40:05.013047	2026-03-09T15:40:05.013047	0o666	e9ddcaa4189fddd25ed97fc8c789eca7b6ca16390b2392ae3276f0c8e1aa4619	archive_0001.zip	FALSE
.git/hooks/push-to-checkout.sample	.git/hooks	push-to-checkout.sample	2783	2.72KB	.sample		2026-03-09T15:40:05.013047	2026-03-09T15:40:05.013047	0o666	a53d0741798b287c6dd7afa64aee473f305e65d3f49463bb9d7408ec3b12bf5f	archive_0001.zip	FALSE
.git/hooks/sendemail-validate.sample	.git/hooks	sendemail-validate.sample	2308	2.25KB	.sample		2026-03-09T15:40:05.013047	2026-03-09T15:40:05.014049	0o666	44ebfc923dc5466bc009602f0ecf067b9c65459abfe8868ddc49b78e6ced7a92	archive_0001.zip	FALSE
.git/hooks/update.sample	.git/hooks	update.sample	3650	3.56KB	.sample		2026-03-09T15:40:05.014049	2026-03-09T15:40:05.014049	0o666	8d5f2fa83e103cf08b57eaa67521df9194f45cbdbcb37da52ad586097a14d106	archive_0001.zip	FALSE
.git/index	.git	index	1916	1.87KB			2026-03-09T16:57:22.415633	2026-03-09T16:57:22.416632	0o666	b56f3387b694d5bae7e13ce606984e9f2098f7685acadc0877341090eb403949	archive_0001.zip	FALSE
.git/info/exclude	.git/info	exclude	240	240.00B			2026-03-09T15:40:05.015050	2026-03-09T15:40:05.015050	0o666	6671fe83b7a07c8932ee89164d1f2793b2318058eb8b98dc5c06ee0a5a3b0ec1	archive_0001.zip	FALSE
.git/info/refs	.git/info	refs	123	123.00B			2026-03-09T15:59:11.523255	2026-03-09T15:59:11.524257	0o666	c75c4d48e566df1c0ba72384146bc1a1f8934b8b60a8f419beea871df2739dbb	archive_0001.zip	FALSE
.git/lfs/cache/locks/refs/heads/main/verifiable	.git/lfs/cache/locks/refs/heads/main	verifiable	24	24.00B			2026-03-09T15:42:34.389262	2026-03-09T16:56:52.312326	0o666	6135f1a42b79d204759b644a7b6f3fe04c30fe0d3f14c6fae05f99ce63670baa	archive_0001.zip	FALSE
.git/lfs/objects/0a/94/0a948830c1cc2dccf9a436799c197b3a990a092b6267e0939997dd7db57acc7e	.git/lfs/objects/0a/94	0a948830c1cc2dccf9a436799c197b3a990a092b6267e0939997dd7db57acc7e	3379127045	3.15GB			2026-03-09T15:43:49.571083	2026-03-09T15:43:56.978439	0o666	0a948830c1cc2dccf9a436799c197b3a990a092b6267e0939997dd7db57acc7e		TRUE
.git/lfs/objects/6d/5e/6d5e5eff6f4a73c708a52766210cc997dd41a5ca88ee7e285707d978327ede10	.git/lfs/objects/6d/5e	6d5e5eff6f4a73c708a52766210cc997dd41a5ca88ee7e285707d978327ede10	652443307	622.22MB			2026-03-09T15:43:24.508754	2026-03-09T15:43:25.563602	0o666	6d5e5eff6f4a73c708a52766210cc997dd41a5ca88ee7e285707d978327ede10		TRUE
.git/lfs/objects/86/a9/86a9fc4676bbeec5917c8ec68bcfc72d07dcb4f15bb460c1957221ed79dbd8ee	.git/lfs/objects/86/a9	86a9fc4676bbeec5917c8ec68bcfc72d07dcb4f15bb460c1957221ed79dbd8ee	3372775533	3.14GB			2026-03-09T15:43:25.581177	2026-03-09T15:43:32.778608	0o666	86a9fc4676bbeec5917c8ec68bcfc72d07dcb4f15bb460c1957221ed79dbd8ee		TRUE
.git/lfs/objects/8e/33/8e33433ab8fcbc0b72f8eaa7e76bf65645cd05cf0737411895f137a945435f41	.git/lfs/objects/8e/33	8e33433ab8fcbc0b72f8eaa7e76bf65645cd05cf0737411895f137a945435f41	134987786	128.73MB			2026-03-09T15:43:57.293280	2026-03-09T15:43:57.506418	0o666	8e33433ab8fcbc0b72f8eaa7e76bf65645cd05cf0737411895f137a945435f41		TRUE
.git/lfs/objects/a9/c9/a9c9d7ba26def892772f95d93a1a5caf18fed612adeb94d0736c9ecd79dc1689	.git/lfs/objects/a9/c9	a9c9d7ba26def892772f95d93a1a5caf18fed612adeb94d0736c9ecd79dc1689	1419676445	1.32GB			2026-03-09T15:43:57.519932	2026-03-09T15:44:00.120744	0o666	a9c9d7ba26def892772f95d93a1a5caf18fed612adeb94d0736c9ecd79dc1689		TRUE
.git/lfs/objects/ed/11/ed113edb5ac1ddb6f5e3f69e67b57a2a9dd69456c83057d82c259f5568c7073d	.git/lfs/objects/ed/11	ed113edb5ac1ddb6f5e3f69e67b57a2a9dd69456c83057d82c259f5568c7073d	9885317685	9.21GB			2026-03-09T15:42:45.521959	2026-03-09T15:43:02.956365	0o666	ed113edb5ac1ddb6f5e3f69e67b57a2a9dd69456c83057d82c259f5568c7073d		TRUE
.git/lfs/objects/fc/4b/fc4b5d95ae4e2f6ee6ea2dac595e4f7b54bccb0f0fa3c41af31fad71e8081dc3	.git/lfs/objects/fc/4b	fc4b5d95ae4e2f6ee6ea2dac595e4f7b54bccb0f0fa3c41af31fad71e8081dc3	9893529321	9.21GB			2026-03-09T15:43:02.959367	2026-03-09T15:43:24.205881	0o666	fc4b5d95ae4e2f6ee6ea2dac595e4f7b54bccb0f0fa3c41af31fad71e8081dc3		TRUE
.git/lfs/objects/fd/90/fd90e6ed453c58460204a16d5ac1fbb7a4417457b536d6b74d2bb47388a529a0	.git/lfs/objects/fd/90	fd90e6ed453c58460204a16d5ac1fbb7a4417457b536d6b74d2bb47388a529a0	3379180279	3.15GB			2026-03-09T15:43:41.217854	2026-03-09T15:43:49.550055	0o666	fd90e6ed453c58460204a16d5ac1fbb7a4417457b536d6b74d2bb47388a529a0		TRUE
.git/logs/HEAD	.git/logs	HEAD	172	172.00B			2026-03-09T16:56:47.646947	2026-03-09T16:57:22.417631	0o666	c3f8d9cc8dc140a7866d5e1cb599e7c070bb36a23b927fedcbf2dad294131676	archive_0001.zip	FALSE
.git/logs/refs/heads/main	.git/logs/refs/heads	main	0	0.00B			2026-03-09T16:56:47.646947	2026-03-09T16:56:47.646947	0o666	e3b0c44298fc1c149afbf4c8996fb92427ae41e4649b934ca495991b7852b855	archive_0001.zip	FALSE
.git/logs/refs/remotes/origin/main	.git/logs/refs/remotes/origin	main	0	0.00B			2026-03-09T16:56:47.647948	2026-03-09T16:56:47.647948	0o666	e3b0c44298fc1c149afbf4c8996fb92427ae41e4649b934ca495991b7852b855	archive_0001.zip	FALSE
.git/objects/info/commit-graph	.git/objects/info	commit-graph	1292	1.26KB			2026-03-09T16:56:49.925002	2026-03-09T16:56:49.926000	0o666	3c51f1e33a79f7e8da7a519d5a8ea66fd438608da7dba5c683c7abd147819fc2	archive_0001.zip	FALSE
.git/objects/info/packs	.git/objects/info	packs	54	54.00B			2026-03-09T15:59:11.524257	2026-03-09T15:59:11.524257	0o666	97a20ae42206e41136c9c2c7c03350f6b4ac1da1717a55ecad90c46cfe138cf5	archive_0001.zip	FALSE
.git/objects/pack/pack-3246ee1596d7c789ecebff5ebed2f604d76d796c.idx	.git/objects/pack	pack-3246ee1596d7c789ecebff5ebed2f604d76d796c.idx	2136	2.09KB	.idx		2026-03-09T16:56:49.844985	2026-03-09T16:56:49.844985	0o666	a1379f208276f6d85927c7d23ecd03010cb0c21e13ec60e7bf44ef69e134d72f	archive_0001.zip	FALSE
.git/objects/pack/pack-3246ee1596d7c789ecebff5ebed2f604d76d796c.pack	.git/objects/pack	pack-3246ee1596d7c789ecebff5ebed2f604d76d796c.pack	36456428	34.77MB	.pack		2026-03-09T16:56:49.748982	2026-03-09T16:56:49.833986	0o666	75f9d526b6f2c57ad973d59f9f02af8dbbf0964cf67986023f982d7a0da7f7bd	archive_0001.zip	FALSE
.git/objects/pack/pack-3246ee1596d7c789ecebff5ebed2f604d76d796c.rev	.git/objects/pack	pack-3246ee1596d7c789ecebff5ebed2f604d76d796c.rev	204	204.00B	.rev		2026-03-09T16:56:49.845986	2026-03-09T16:56:49.845986	0o666	9877114da29ba5fb24fd46d27400117be09e63135854dc4fce53b5d4992bc7db	archive_0001.zip	FALSE
.git/packed-refs	.git	packed-refs	169	169.00B			2026-03-09T16:56:47.632709	2026-03-09T16:56:47.632709	0o666	080676a82653b1172e838b45beec68b6c94ae939fb3f4194433cc3ab4e8079d2	archive_0001.zip	FALSE
.gitattributes	.	.gitattributes	85	85.00B		text/plain	2026-03-09T15:40:05.769865	2026-03-09T15:40:06.114676	0o666	1e75d96ca181f39bd16b6556c5037a4cbd223432a602028bcd4aac51cc5e8d98	archive_0001.zip	FALSE
.gitignore	.	.gitignore	132	132.00B		text/plain	2026-03-09T15:40:26.490288	2026-03-09T15:40:26.491286	0o666	849f1017ebc24a855a33b3bc3a4ef8ad2ea34bff09544290492b9997b3f53c1f	archive_0001.zip	FALSE
00_setup.zip	.	00_setup.zip	658	658.00B	.zip	application/x-zip-compressed	2026-03-01T13:20:30.169840	2026-03-01T13:20:30.260346	0o666	930bc47835d93bdd421d967dbff33d564509813078fe3be46ee85c86437cd02a	archive_0001.zip	FALSE
00_setup/00_install_packages.R	00_setup	00_install_packages.R	424	424.00B	.r		2026-01-07T13:58:06.249265	2025-12-27T19:12:36	0o666	d76993844ef0d33191435a9beb6a51903dbccb74909ae92a0bd0e65cd07806f6	archive_0001.zip	FALSE
Outputs.zip	.	Outputs.zip	2381671	2.27MB	.zip	application/x-zip-compressed	2026-03-01T13:21:45.583147	2026-03-01T13:21:45.877689	0o666	44d68dffd5b1659582294e2cf2a86ea1b8e540276617a38e378a61927971d385	archive_0001.zip	FALSE
R.zip	.	R.zip	3030	2.96KB	.zip	application/x-zip-compressed	2026-03-01T13:14:38.785133	2026-03-01T13:14:38.862653	0o666	ba6f1189326f7acf3e90aaa5a2da0eaa01bcec15e3b72c19efcadc080a454b04	archive_0001.zip	FALSE
R/config.R	R	config.R	1042	1.02KB	.r		2026-01-07T13:58:33.804599	2025-12-27T19:12:36	0o666	58cc4d7fb8d93183643adfa8e4ab64a60026509b51890c228afbaac93a69a262	archive_0001.zip	FALSE
R/helpers_io.R	R	helpers_io.R	1318	1.29KB	.r		2026-01-07T13:58:33.810606	2025-12-27T19:12:36	0o666	093985a44f230f088941d7f66bc43572797390800c6db14440e6d5ac8a04f624	archive_0001.zip	FALSE
R/helpers_plot.R	R	helpers_plot.R	883	883.00B	.r		2026-01-07T13:58:33.819118	2025-12-27T19:12:36	0o666	6cf6ead1a77011584f83bb640148159db8af713baa3ffd6843d7bbac0250869d	archive_0001.zip	FALSE
R/helpers_scores.R	R	helpers_scores.R	1862	1.82KB	.r		2026-01-07T13:58:33.824622	2025-12-27T19:12:36	0o666	2115c6cbe4ca18403759e9d80df5eba042dc17316bc044bab3b4a4e7665f5d9b	archive_0001.zip	FALSE
README.md	.	README.md	2115	2.07KB	.md		2026-01-07T13:58:05.463196	2025-12-27T19:12:36	0o666	b369980f6c878f999d42a5f13d20ce3c67fe00e84386e0befdd5282ac4d8f08b	archive_0001.zip	FALSE
README_master_pipeline.md	.	README_master_pipeline.md	1538	1.50KB	.md		2026-01-07T13:58:05.470712	2025-12-29T16:11:30	0o666	8370beead654bcaf1325f8396863955f2e69560458c11bd9b1230d38a447a8cf	archive_0001.zip	FALSE
data/02_processed/placenta_infection_seurat.qs	data/02_processed	placenta_infection_seurat.qs	9885317685	9.21GB	.qs		2026-01-07T13:58:11.891944	2025-12-26T17:11:34	0o666	ed113edb5ac1ddb6f5e3f69e67b57a2a9dd69456c83057d82c259f5568c7073d		TRUE
data/02_processed/placenta_infection_seurat_scored.qs	data/02_processed	placenta_infection_seurat_scored.qs	9893529321	9.21GB	.qs		2026-01-07T13:58:17.036295	2025-12-29T16:29:40	0o666	fc4b5d95ae4e2f6ee6ea2dac595e4f7b54bccb0f0fa3c41af31fad71e8081dc3		TRUE
data/ImageOfProssecedData.docx	data	ImageOfProssecedData.docx	35756	34.92KB	.docx	application/vnd.openxmlformats-officedocument.wordprocessingml.document	2026-03-01T13:16:36.583649	2026-03-01T13:20:00.898976	0o666	49c9c267ab0a62e0915c41aeaec64d3eaba3881f6c2b03fbe726dd5929f81f85	archive_0001.zip	FALSE
data/seu_clean.qs	data	seu_clean.qs	9885317685	9.21GB	.qs		2026-01-07T13:58:06.715740	2025-12-26T17:11:34	0o666	ed113edb5ac1ddb6f5e3f69e67b57a2a9dd69456c83057d82c259f5568c7073d		TRUE
gene_sets.zip	.	gene_sets.zip	1174	1.15KB	.zip	application/x-zip-compressed	2026-03-01T13:14:48.191048	2026-03-01T13:14:48.268561	0o666	1f9ffa2d68240fa76acb75d5c6d84be3d221ad764a534086a181c15e97f35d09	archive_0001.zip	FALSE
gene_sets/adhesion_genes.txt	gene_sets	adhesion_genes.txt	35	35.00B	.txt	text/plain	2026-01-07T13:58:22.149384	2025-12-27T19:12:36	0o666	d3eba0932574fb21b9d8f324e363f59c3506d6443b1e1de41bbf80aa72b35af9	archive_0001.zip	FALSE
gene_sets/cytotoxic_genes.txt	gene_sets	cytotoxic_genes.txt	38	38.00B	.txt	text/plain	2026-01-07T13:58:22.155890	2025-12-27T19:12:36	0o666	3d81b637184319dea3067cde17b2c9830035ee7800e531caff959f6897205425	archive_0001.zip	FALSE
gene_sets/glyco_genes.txt	gene_sets	glyco_genes.txt	115	115.00B	.txt	text/plain	2026-01-07T13:58:22.160890	2025-12-27T19:12:36	0o666	467adbb405eede2075654a66beffdf5d826e46bfd48215492b89b0e936bc34ee	archive_0001.zip	FALSE
gene_sets/innate_genes.txt	gene_sets	innate_genes.txt	54	54.00B	.txt	text/plain	2026-01-07T13:58:22.167407	2025-12-27T19:12:36	0o666	075562733e8d7464f9e642b5916162e5ed4671a9717377d236c55bff5d97ff68	archive_0001.zip	FALSE
make_manifest_and_zips.py	.	make_manifest_and_zips.py	13718	13.40KB	.py	text/x-python	2026-03-09T14:05:11.968751	2026-03-09T15:33:10.848122	0o666	fc19d6051a2c92c513efbe486ed1199af651e5e745b9987da41ada0743499191	archive_0001.zip	FALSE
make_manifest_and_zips_fixed.py	.	make_manifest_and_zips_fixed.py	13616	13.30KB	.py	text/x-python	2026-03-09T15:35:49.364662	2026-03-09T15:35:49.364662	0o666	d881f45d6640c937b94c66c90dc831583315101655148890d2d91db4fb6ee484	archive_0001.zip	FALSE
metadata.csv	.	metadata.csv	65290725	62.27MB	.csv	application/vnd.ms-excel	2026-01-07T13:58:05.419219	2026-01-06T15:20:38	0o666	135fb671af1ac1d24d172978cef9cc1f0d1286fc14e6dd5a1f51e0a11cd0b59f	archive_0001.zip	FALSE
outputs/figures/Fig01_QC_violin_allcells.pdf	outputs/figures	Fig01_QC_violin_allcells.pdf	19485	19.03KB	.pdf	application/pdf	2026-01-07T13:58:22.182916	2025-12-27T20:33:16	0o666	aab00ef6ff1fe577cb2cbff005f8cef1628dd7f3f379b1a34c14e5e8c4753376	archive_0001.zip	FALSE
outputs/figures/Fig02_QC_violin_by_condition.pdf	outputs/figures	Fig02_QC_violin_by_condition.pdf	120592	117.77KB	.pdf	application/pdf	2026-01-07T13:58:22.190424	2025-12-27T20:33:19	0o666	ca1d3461881bd5415af009bbc1d4613e8b3574436a75daf07b3a0e0febbcf006	archive_0001.zip	FALSE
outputs/figures/Fig03_UMAP_cell_type.pdf	outputs/figures	Fig03_UMAP_cell_type.pdf	62325	60.86KB	.pdf	application/pdf	2026-01-07T13:58:22.196935	2025-12-27T20:39:34	0o666	2b6798c1ae2d2c0f2cf1e31ffec1f69faf9fc14f5c2dbe47a0f20ba02506f667	archive_0001.zip	FALSE
outputs/figures/Fig04_UMAP_by_infection.pdf	outputs/figures	Fig04_UMAP_by_infection.pdf	112786	110.14KB	.pdf	application/pdf	2026-01-07T13:58:22.201931	2025-12-27T20:39:36	0o666	f1a4d036d34a89294a84c8fb21d5601060da7ff07225e2922cf33991ae96fb47	archive_0001.zip	FALSE
outputs/figures/Fig05_UMAP_by_time.pdf	outputs/figures	Fig05_UMAP_by_time.pdf	79674	77.81KB	.pdf	application/pdf	2026-01-07T13:58:22.208446	2025-12-27T20:39:37	0o666	5c12d6de86a95c3b1ba5e96e20c59a29f550f7bb665d3ec04866bff665b40828	archive_0001.zip	FALSE
outputs/figures/Fig06_Composition_by_infection.pdf	outputs/figures	Fig06_Composition_by_infection.pdf	5701	5.57KB	.pdf	application/pdf	2026-01-07T13:58:22.212446	2025-12-27T20:39:38	0o666	8a96491186bc623909adce32fa797c7680eecfbdbf7101a7318d9d2b28736c5e	archive_0001.zip	FALSE
outputs/figures/Fig07_Dotplot_glyco_by_celltype.pdf	outputs/figures	Fig07_Dotplot_glyco_by_celltype.pdf	21293	20.79KB	.pdf	application/pdf	2026-01-07T13:58:23.885451	2025-12-27T20:48:41	0o666	cd25b540be48ee513e8dbb75d6f1a6b635dbef27838a0c7e9d9223c3b7b2f5b8	archive_0001.zip	FALSE
outputs/figures/Fig08_Dotplot_adhesion_by_celltype.pdf	outputs/figures	Fig08_Dotplot_adhesion_by_celltype.pdf	11927	11.65KB	.pdf	application/pdf	2026-01-07T13:58:23.891452	2025-12-27T20:48:43	0o666	8ac9435b931955eab7a00b0b3da723872654a62a5c715c61539a1de836f64deb	archive_0001.zip	FALSE
outputs/figures/Fig09_Dotplot_innate_by_celltype.pdf	outputs/figures	Fig09_Dotplot_innate_by_celltype.pdf	15594	15.23KB	.pdf	application/pdf	2026-01-07T13:58:23.895961	2025-12-27T20:48:45	0o666	355e6252cfb2db383b407a5415edd3823ac3912e0387b3eb08e35ebfec873607	archive_0001.zip	FALSE
outputs/figures/Fig10_UMAP_AdhesionScore_white_red.pdf	outputs/figures	Fig10_UMAP_AdhesionScore_white_red.pdf	171322	167.31KB	.pdf	application/pdf	2026-01-07T13:58:23.900959	2025-12-27T20:49:38	0o666	acd1c53a3647d903bf4aef18a4ffae7273a0b952727f937904755170ac7c8db7	archive_0002.zip	FALSE
outputs/figures/Fig11_AdhesionScore_split_condition.pdf	outputs/figures	Fig11_AdhesionScore_split_condition.pdf	457004	446.29KB	.pdf	application/pdf	2026-01-07T13:58:24.325721	2025-12-27T20:49:43	0o666	e6b342e3817aa22a4a6deff153b291cec025cedad387ba5042208bcacbfe6892	archive_0002.zip	FALSE
outputs/figures/Fig13_FeaturePlot_cytotoxic_panel.pdf	outputs/figures	Fig13_FeaturePlot_cytotoxic_panel.pdf	1229684	1.17MB	.pdf	application/pdf	2026-01-07T13:58:24.333722	2025-12-28T14:02:14	0o666	d7ea3cc63b777e5babb249cf6e7620a083b9c3f11beafb4d330f4b920c917064	archive_0002.zip	FALSE
outputs/figures/Fig14_UMAP_NK_like_strict.pdf	outputs/figures	Fig14_UMAP_NK_like_strict.pdf	55967	54.66KB	.pdf	application/pdf	2026-01-07T13:58:24.339303	2025-12-28T14:02:21	0o666	3369b25008d4a17e126b44857df8169a8c9b59e0927d73da3553f27f1857d4f7	archive_0002.zip	FALSE
outputs/figures/Fig15_QC_NK_like_strict.pdf	outputs/figures	Fig15_QC_NK_like_strict.pdf	35926	35.08KB	.pdf	application/pdf	2026-01-07T13:58:24.345822	2025-12-28T14:02:23	0o666	9668599736ced054cff9f91e3deca4e521d8e2b143f11ac9be07908ff613f61a	archive_0002.zip	FALSE
outputs/legends/Fig01_legend.md	outputs/legends	Fig01_legend.md	625	625.00B	.md		2026-01-07T13:58:25.298177	2025-12-27T20:33:16	0o666	b7d31a53c57f3ab34390fba49c263adf185065f5d8299935a8968ac0003c4e71	archive_0002.zip	FALSE
outputs/legends/Fig02_legend.md	outputs/legends	Fig02_legend.md	584	584.00B	.md		2026-01-07T13:58:25.312694	2025-12-27T20:33:19	0o666	c77569f9497d9f9252ed8bb845474d0a35e73c2301933edfdae7b53ca2cc503e	archive_0002.zip	FALSE
outputs/legends/Fig03_legend.md	outputs/legends	Fig03_legend.md	627	627.00B	.md		2026-01-07T13:58:25.318206	2025-12-27T20:39:35	0o666	e72d3a4bfa43628e3dac6f9c751955c0f8bf77a33317d8b0d0cfaa4d9476abea	archive_0002.zip	FALSE
outputs/legends/Fig04_legend.md	outputs/legends	Fig04_legend.md	568	568.00B	.md		2026-01-07T13:58:25.323206	2025-12-27T20:39:36	0o666	71010e5ad77a9b004c4ca34836573b521ecf1810e136d1f54f681ae6be62e9a1	archive_0002.zip	FALSE
outputs/legends/Fig05_legend.md	outputs/legends	Fig05_legend.md	551	551.00B	.md		2026-01-07T13:58:25.329715	2025-12-27T20:39:37	0o666	e51d73be9b052d445e06ce4965ae4cf150e1d09c7544e436efa6c666781e5a42	archive_0002.zip	FALSE
outputs/legends/Fig06_legend.md	outputs/legends	Fig06_legend.md	702	702.00B	.md		2026-01-07T13:58:25.335223	2025-12-27T20:39:38	0o666	091e8ebd9b0f475cf28b166a19f5fbdccd45803d526323630e8bd89d7f6505b5	archive_0002.zip	FALSE
outputs/legends/Fig07_legend.md	outputs/legends	Fig07_legend.md	657	657.00B	.md		2026-01-07T13:58:25.340730	2025-12-27T20:48:41	0o666	dcf0b893651d7f59d5829a57bda85bc0a2c06d0d8b0adb9d0ea7e72e80660bd4	archive_0002.zip	FALSE
outputs/legends/Fig08_legend.md	outputs/legends	Fig08_legend.md	513	513.00B	.md		2026-01-07T13:58:25.350253	2025-12-27T20:48:43	0o666	bfa88cde94809eb2109aeba0496921a63e861fbacff0a2088c7add3795b6b142	archive_0002.zip	FALSE
outputs/legends/Fig09_legend.md	outputs/legends	Fig09_legend.md	582	582.00B	.md		2026-01-07T13:58:25.356761	2025-12-27T20:48:45	0o666	0904a7015cccf28c91fedcaa806c561a89e955176a1bbd6724f8cc2b86e0eeac	archive_0002.zip	FALSE
outputs/legends/Fig10_legend.md	outputs/legends	Fig10_legend.md	633	633.00B	.md		2026-01-07T13:58:25.365274	2025-12-27T20:49:38	0o666	d4550e99abeabf1208ab49bdd93b15fbe4c7108f67113d3bd52292327bc4d3be	archive_0002.zip	FALSE
outputs/legends/Fig11_legend.md	outputs/legends	Fig11_legend.md	589	589.00B	.md		2026-01-07T13:58:25.370280	2025-12-28T13:58:25	0o666	be885d963a106b3c0e181f86aa1a1fcdde937a24c1d2c26e45f6a1249359a147	archive_0002.zip	FALSE
outputs/legends/Fig12_legend.md	outputs/legends	Fig12_legend.md	784	784.00B	.md		2026-01-07T13:58:25.376787	2025-12-28T14:01:43	0o666	77cdf2023f6cda92c399af733c5cab3414f72e3e48f525ffa589d7e4b7b2a5b6	archive_0002.zip	FALSE
outputs/legends/Fig13_legend.md	outputs/legends	Fig13_legend.md	774	774.00B	.md		2026-01-07T13:58:25.383789	2025-12-28T14:02:14	0o666	52bc7be3ed3c2bb2590c32b90fd9d2c72c809a198397b7e7d051f1d6777baa46	archive_0002.zip	FALSE
outputs/legends/Fig14_legend.md	outputs/legends	Fig14_legend.md	796	796.00B	.md		2026-01-07T13:58:25.389295	2025-12-28T14:02:21	0o666	5b7162f0f96673ee6d13519dc8e7fd66e4003e6ab4bfeb18632614e4c840ebc4	archive_0002.zip	FALSE
outputs/legends/Fig15_legend.md	outputs/legends	Fig15_legend.md	574	574.00B	.md		2026-01-07T13:58:25.394801	2025-12-28T14:02:25	0o666	4ea734012badc6852e918134df22bd528934e4163abcffc1da53bc1cce944f87	archive_0002.zip	FALSE
outputs/logs/pipeline.log	outputs/logs	pipeline.log	1267	1.24KB	.log		2026-01-07T13:58:25.680543	2025-12-28T14:03:35	0o666	437a4e342a20627d7c37f3b3dcf68472f3ae9f9a783d3bf198c9e49273141f87	archive_0002.zip	FALSE
outputs/objects/seu_clean.qs	outputs/objects	seu_clean.qs	652443307	622.22MB	.qs		2026-01-07T13:58:25.859752	2025-12-27T20:33:01	0o666	6d5e5eff6f4a73c708a52766210cc997dd41a5ca88ee7e285707d978327ede10		TRUE
outputs/objects/seu_clean.rds	outputs/objects	seu_clean.rds	134987786	128.73MB	.rds		2026-01-07T13:58:26.318399	2025-12-27T20:01:09.898850	0o666	8e33433ab8fcbc0b72f8eaa7e76bf65645cd05cf0737411895f137a945435f41		TRUE
outputs/objects/seu_core_figs.qs	outputs/objects	seu_core_figs.qs	3372775533	3.14GB	.qs		2026-01-07T13:58:26.420090	2025-12-27T20:40:54	0o666	86a9fc4676bbeec5917c8ec68bcfc72d07dcb4f15bb460c1957221ed79dbd8ee		TRUE
outputs/objects/seu_qc_checked.qs	outputs/objects	seu_qc_checked.qs	3372775533	3.14GB	.qs		2026-01-07T13:58:28.431352	2025-12-27T20:35:12	0o666	86a9fc4676bbeec5917c8ec68bcfc72d07dcb4f15bb460c1957221ed79dbd8ee		TRUE
outputs/objects/seu_with_nk_flags.qs	outputs/objects	seu_with_nk_flags.qs	3379180279	3.15GB	.qs		2026-01-07T13:58:30.291464	2025-12-28T14:03:35	0o666	fd90e6ed453c58460204a16d5ac1fbb7a4417457b536d6b74d2bb47388a529a0		TRUE
outputs/objects/seu_with_scores.qs	outputs/objects	seu_with_scores.qs	3379127045	3.15GB	.qs		2026-01-07T13:58:32.160771	2025-12-28T13:59:37	0o666	0a948830c1cc2dccf9a436799c197b3a990a092b6267e0939997dd7db57acc7e		TRUE
outputs/tables/NK_like_strict_by_condition.csv	outputs/tables	NK_like_strict_by_condition.csv	531	531.00B	.csv	application/vnd.ms-excel	2026-01-07T13:58:33.783507	2025-12-28T14:02:20	0o666	39157da4b12257c46f148c09d5415cb0afb8521cdf50be040d5286a276c1adab	archive_0002.zip	FALSE
outputs/tables/composition_by_infection.csv	outputs/tables	composition_by_infection.csv	2254	2.20KB	.csv	application/vnd.ms-excel	2026-01-07T13:58:33.770994	2025-12-27T20:39:40	0o666	6f7921f78c1d646265717ff8d73dd525586989b9d8cfe12493cda56002b07106	archive_0002.zip	FALSE
outputs/tables/cor_susceptibility_vs_severity.csv	outputs/tables	cor_susceptibility_vs_severity.csv	411	411.00B	.csv	application/vnd.ms-excel	2026-01-07T13:58:33.777507	2025-12-28T14:01:43	0o666	45a4ff216cfb9ff42caaf1247d09bb362b0e1b60d8570251878d893a074dda11	archive_0002.zip	FALSE
outputs/tables/sample_level_scores.csv	outputs/tables	sample_level_scores.csv	4266	4.17KB	.csv	application/vnd.ms-excel	2026-01-07T13:58:33.789571	2025-12-28T14:01:39	0o666	077339da274d588152559bb0706555a10e1cbb6187486dd2dec94a07f526c33c	archive_0002.zip	FALSE
results/Results.zip	results	Results.zip	24456672	23.32MB	.zip	application/x-zip-compressed	2026-03-01T13:13:35.614048	2026-03-01T13:13:37.706604	0o666	c0dbd3393004502b986a8f1d596df8c319e16e2bc26af5781495c0cfdb1b4960	archive_0002.zip	FALSE
results/figures/Fig00_QC_violin.pdf	results/figures	Fig00_QC_violin.pdf	19558	19.10KB	.pdf	application/pdf	2026-01-07T13:58:33.872469	2025-12-29T16:28:40	0o666	aebb07351aeb936ee3919609529f2840ceb4f23e906b97069f0f81caac5d1d09	archive_0002.zip	FALSE
results/figures/Fig01_QC.pdf	results/figures	Fig01_QC.pdf	19469	19.01KB	.pdf	application/pdf	2026-01-07T13:58:33.878987	2026-01-07T13:56:37.590730	0o666	c2058adf4238256e1f942cd2f1ceeb1f517bc1a3c58f9740919ef63b66496840	archive_0002.zip	FALSE
results/figures/Fig01_QC_violin_allcells.pdf	results/figures	Fig01_QC_violin_allcells.pdf	129983	126.94KB	.pdf	application/pdf	2026-01-07T13:58:33.884495	2025-12-28T15:19:21	0o666	f153ed1130e3e9c6093b563c1fe9c3643835cf2d2c2af0df114f9863a5bfd765	archive_0002.zip	FALSE
results/figures/Fig01_UMAP_cell_type.pdf	results/figures	Fig01_UMAP_cell_type.pdf	62320	60.86KB	.pdf	application/pdf	2026-01-07T13:58:33.889499	2025-12-29T16:28:42	0o666	278c8a186a920adf653020ad62d92d5eef7bea4c3b1d340c84cc38b14f35bc69	archive_0002.zip	FALSE
results/figures/Fig02_UMAP_celltype.pdf	results/figures	Fig02_UMAP_celltype.pdf	62312	60.85KB	.pdf	application/pdf	2026-01-07T13:58:33.896011	2026-01-07T13:56:39.333912	0o666	c9372c428f03b9295a7e492718c8f9633f60620762e2fb6c34c320f7d798dfd8	archive_0002.zip	FALSE
results/figures/Fig02_UMAP_celltype2.pdf	results/figures	Fig02_UMAP_celltype2.pdf	250057	244.20KB	.pdf	application/pdf	2026-01-07T13:58:33.903013	2026-01-06T15:42:18	0o666	ee3ef60261bd337c793b4bde1f88f5a1c6a5997297e226b6a4af0d043ceb51af	archive_0002.zip	FALSE
results/figures/Fig02_UMAP_donor_id.pdf	results/figures	Fig02_UMAP_donor_id.pdf	144088	140.71KB	.pdf	application/pdf	2026-01-07T13:58:33.911525	2026-01-06T15:46:43	0o666	11a9de7dad2c5bcbb71fb4e7cb18830502c234f7652e8b78b53d5718f2656291	archive_0002.zip	FALSE
results/figures/Fig02_UMAP_infection.pdf	results/figures	Fig02_UMAP_infection.pdf	111271	108.66KB	.pdf	application/pdf	2026-01-07T13:58:33.918772	2025-12-29T16:28:43	0o666	3eae3087856713b8e371f14311441ec97f0edb040b5937fcebe7e9a2fb7333c8	archive_0002.zip	FALSE
results/figures/Fig02_UMAP_split_donor_id.pdf	results/figures	Fig02_UMAP_split_donor_id.pdf	237726	232.15KB	.pdf	application/pdf	2026-01-07T13:58:33.926286	2026-01-06T15:49:16	0o666	6544eda857d51b01e2071c6a7e0678cfa08261ffc4f5eec4afb0afa74aa35db0	archive_0002.zip	FALSE
results/figures/Fig03_UMAP_condition.pdf	results/figures	Fig03_UMAP_condition.pdf	157129	153.45KB	.pdf	application/pdf	2026-01-07T13:58:33.934285	2026-01-05T18:00:03	0o666	e1ca9ff7f608269ca7ec2bb07dceebfd448465bfd61938d112148ce92da89fe0	archive_0002.zip	FALSE
results/figures/Fig03_UMAP_hpi.pdf	results/figures	Fig03_UMAP_hpi.pdf	70814	69.15KB	.pdf	application/pdf	2026-01-07T13:58:33.942411	2025-12-29T16:28:44	0o666	d7caabdeb9487052d16cb8137fd18c5326ef3663217130938bd5110b771b52aa	archive_0002.zip	FALSE
results/figures/Fig03_UMAP_stage.pdf	results/figures	Fig03_UMAP_stage.pdf	156938	153.26KB	.pdf	application/pdf	2026-01-07T13:58:33.948928	2026-01-07T13:56:40.707874	0o666	33e70c85d22c47f42969312bbcf14ab5528aa1a2a56a0c209b9cdf1747c888d0	archive_0002.zip	FALSE
results/figures/Fig04A_composition_by_condition.pdf	results/figures	Fig04A_composition_by_condition.pdf	10202	9.96KB	.pdf	application/pdf	2026-01-07T13:58:33.954437	2026-01-05T18:00:04	0o666	ad94a4e61de7d98a0183761f0aa19f665117d9eeaf248c5722fae26fb15566cc	archive_0002.zip	FALSE
results/figures/Fig04B_composition_by_infection_time.pdf	results/figures	Fig04B_composition_by_infection_time.pdf	9904	9.67KB	.pdf	application/pdf	2026-01-07T13:58:33.961629	2026-01-05T18:00:04	0o666	6a46f2c6897f11df1284f2f69ad2c7035439392bfca64fb0b5ca608e78c04720	archive_0002.zip	FALSE
results/figures/Fig04_Composition_by_stage.pdf	results/figures	Fig04_Composition_by_stage.pdf	24926	24.34KB	.pdf	application/pdf	2026-01-07T13:58:33.973142	2025-12-28T15:19:28	0o666	b05f8caffc3d723263c58d127f44aaddb73a7812c9524dbda77e5ed8fe71d2a3	archive_0002.zip	FALSE
results/figures/Fig04_UMAP_stage.pdf	results/figures	Fig04_UMAP_stage.pdf	139104	135.84KB	.pdf	application/pdf	2026-01-07T13:58:33.979662	2025-12-29T16:28:45	0o666	b7934beb5d8d92361a0479fedab79cc75fc2315ab9ca4dc0dedd0673b807b152	archive_0002.zip	FALSE
results/figures/Fig04_composition_by_condition.pdf	results/figures	Fig04_composition_by_condition.pdf	3710	3.62KB	.pdf	application/pdf	2026-01-07T13:58:33.968144	2026-01-07T13:57:35.291358	0o666	c20cdb52f0f7f554ba0cfd24fe146e8b986aa44dfd4993aa92a850981125062e	archive_0002.zip	FALSE
results/figures/Fig05_Composition_by_infection.pdf	results/figures	Fig05_Composition_by_infection.pdf	5437	5.31KB	.pdf	application/pdf	2026-01-07T13:58:33.985167	2025-12-29T16:28:45	0o666	5b6a3974217c5d52731a70bdfc19bec9ad78f3536a69999595143d114bae2b5e	archive_0002.zip	FALSE
results/figures/Fig05_Dotplot_glyco_by_celltype.pdf	results/figures	Fig05_Dotplot_glyco_by_celltype.pdf	79031	77.18KB	.pdf	application/pdf	2026-01-07T13:58:33.991173	2026-01-06T17:12:55	0o666	74cf301441b5a13f90d54419c868a589b6847872638376231bf1762562e23f56	archive_0002.zip	FALSE
results/figures/Fig06_Dotplot_adhesion_by_celltype.pdf	results/figures	Fig06_Dotplot_adhesion_by_celltype.pdf	40759	39.80KB	.pdf	application/pdf	2026-01-07T13:58:33.997688	2026-01-06T17:12:57	0o666	661e411f71db6fa6de886827cc9bae323cf5cdc62f8849521dec460468375c51	archive_0002.zip	FALSE
results/figures/Fig06_Dotplot_glyco_by_celltype.pdf	results/figures	Fig06_Dotplot_glyco_by_celltype.pdf	21294	20.79KB	.pdf	application/pdf	2026-01-07T13:58:34.003688	2025-12-29T16:28:47	0o666	b8fbdc6a255f5f76f6dc63beec26093b5aba9cd850d1a8bcd47ddf3590f93683	archive_0002.zip	FALSE
results/figures/Fig07_Dotplot_adhesion_by_celltype.pdf	results/figures	Fig07_Dotplot_adhesion_by_celltype.pdf	11927	11.65KB	.pdf	application/pdf	2026-01-07T13:58:34.009200	2025-12-29T16:28:49	0o666	8a5aef7f9cccb3157dc83f7b4a0b03e5c3eeca68ae0ac946d5ce79b3893eaab9	archive_0002.zip	FALSE
results/figures/Fig07_Dotplot_innate_by_celltype.pdf	results/figures	Fig07_Dotplot_innate_by_celltype.pdf	20134	19.66KB	.pdf	application/pdf	2026-01-07T13:58:34.015716	2026-01-05T18:00:17	0o666	39c6153ab6cdf35fb090d539f53ddd56b502d38516fc121b4b9a72bf4cf80525	archive_0002.zip	FALSE
results/figures/Fig08_Dotplot_innate_by_celltype.pdf	results/figures	Fig08_Dotplot_innate_by_celltype.pdf	15595	15.23KB	.pdf	application/pdf	2026-01-07T13:58:34.042387	2025-12-29T16:28:51	0o666	39299d2e3fd022cbe5b87fd4e2717ce1ce1947f72ed18ff8c9a63fb9eab5bb40	archive_0002.zip	FALSE
results/figures/Fig08_FeaturePlot_AdhesionScore.pdf	results/figures	Fig08_FeaturePlot_AdhesionScore.pdf	170349	166.36KB	.pdf	application/pdf	2026-01-07T13:58:34.048903	2026-01-05T18:00:23	0o666	ba5dbbe6139fad50aa138d738f0cd13312985bbfc190abfe0aaa9551f4806bbe	archive_0002.zip	FALSE
results/figures/Fig08_Feature_AdhesionScore_split_stage.pdf	results/figures	Fig08_Feature_AdhesionScore_split_stage.pdf	349670	341.47KB	.pdf	application/pdf	2026-01-07T13:58:34.055924	2025-12-28T15:47:06	0o666	8b08622d505b856f0b69c7fd2cdb7ff3e12ebe61e0e1bdf627082cbb6ba150fe	archive_0002.zip	FALSE
results/figures/Fig08b_FeaturePlot_InnateScore.pdf	results/figures	Fig08b_FeaturePlot_InnateScore.pdf	156258	152.60KB	.pdf	application/pdf	2026-01-07T13:58:34.021710	2026-01-05T18:00:25	0o666	2d632818084fdd185fa113fe419da3ccf0174a738e55e39127535f50714fb94f	archive_0002.zip	FALSE
results/figures/Fig08c_FeaturePlot_AdhesionScore_split.pdf	results/figures	Fig08c_FeaturePlot_AdhesionScore_split.pdf	538613	525.99KB	.pdf	application/pdf	2026-01-07T13:58:34.028872	2026-01-05T18:00:31	0o666	abb4abcf5165c4a96b76503ba1172ac65123f8bd36fd164589c44457aa57ff3f	archive_0002.zip	FALSE
results/figures/Fig08d_FeaturePlot_TF_ExposureProxy.pdf	results/figures	Fig08d_FeaturePlot_TF_ExposureProxy.pdf	147570	144.11KB	.pdf	application/pdf	2026-01-07T13:58:34.036386	2026-01-05T18:00:35	0o666	77a1f200702093a58b4ad0cda8f391b87d13fc61c24731370c757c0c96c2a102	archive_0002.zip	FALSE
results/figures/Fig09_Correlation.pdf	results/figures	Fig09_Correlation.pdf	8246	8.05KB	.pdf	application/pdf	2026-01-07T13:58:34.068437	2025-12-29T14:45:57	0o666	385cc45e8c187eb43aefb979c1f96f8854c7a19132cd17153ecb149e5f341cb3	archive_0002.zip	FALSE
results/figures/Fig09_Susc_vs_Sev_overall.pdf	results/figures	Fig09_Susc_vs_Sev_overall.pdf	10235	10.00KB	.pdf	application/pdf	2026-01-07T13:58:34.079947	2026-01-05T18:00:36	0o666	0fca7661a18d31c0c4f07ce35096819502608b5ecbe18099f8c5c26d2206ae0d	archive_0002.zip	FALSE
results/figures/Fig09_Susceptibility_vs_Severity.pdf	results/figures	Fig09_Susceptibility_vs_Severity.pdf	25614	25.01KB	.pdf	application/pdf	2026-01-07T13:58:34.074436	2025-12-28T16:37:09	0o666	e7752a96961c0e21a189c698423a0efc2257d10c8a3fafa995731369e2aa8c9b	archive_0002.zip	FALSE
results/figures/Fig09_UMAP_GlycoScore.pdf	results/figures	Fig09_UMAP_GlycoScore.pdf	138079	134.84KB	.pdf	application/pdf	2026-01-07T13:58:34.086461	2025-12-29T16:29:25	0o666	9af7e267be33f36989f2b7c9fe8fbc6c2785c173797124de642648a27456592f	archive_0002.zip	FALSE
results/figures/Fig09b_Susc_vs_Sev_stratified.pdf	results/figures	Fig09b_Susc_vs_Sev_stratified.pdf	11784	11.51KB	.pdf	application/pdf	2026-01-07T13:58:34.061923	2026-01-05T18:00:36	0o666	c1dc26e81f0f4bf0c79a384610ccef26739bc48350555ec85a95ec4849c5e332	archive_0002.zip	FALSE
results/figures/Fig10_CytotoxicScore.pdf	results/figures	Fig10_CytotoxicScore.pdf	133106	129.99KB	.pdf	application/pdf	2026-01-07T13:58:34.093459	2026-01-05T18:00:38	0o666	410ebf6ff6d05065f41aa78fd1a4aa01457f66bc649fd9092fd33a4abd1659fa	archive_0002.zip	FALSE
results/figures/Fig10_UMAP_AdhesionScore.pdf	results/figures	Fig10_UMAP_AdhesionScore.pdf	146437	143.00KB	.pdf	application/pdf	2026-01-07T13:58:34.101560	2025-12-29T16:29:26	0o666	b5831853c22e482939d6cf973c8488a0c24caa4b35c302e3b49c53ef7533f278	archive_0002.zip	FALSE
results/figures/Fig10_UMAP_AdhesionScore_white_red.pdf	results/figures	Fig10_UMAP_AdhesionScore_white_red.pdf	130500	127.44KB	.pdf	application/pdf	2026-01-07T13:58:34.110660	2025-12-29T20:56:04	0o666	d841d013d30d425ed861610e44abb8c3d724a38a21d81e94403c73b3228b8e6a	archive_0002.zip	FALSE
results/figures/Fig11_UMAP_InnateScore.pdf	results/figures	Fig11_UMAP_InnateScore.pdf	140494	137.20KB	.pdf	application/pdf	2026-01-07T13:58:34.118176	2025-12-29T16:29:27	0o666	b67de1c9b8dc1c775367d9937cb513a8e333e4026d8f7c245eb78914cd6248ee	archive_0002.zip	FALSE
results/figures/Fig12_Susceptibility_vs_Severity_scatter.pdf	results/figures	Fig12_Susceptibility_vs_Severity_scatter.pdf	9840	9.61KB	.pdf	application/pdf	2026-01-07T13:58:34.126702	2025-12-29T16:29:40	0o666	3f1fc36b974af72e19592f0849b005597e5871ca87df11509dc532c0177f3645	archive_0002.zip	FALSE
results/figures/Fig13_UMAP_cytotoxic_like.pdf	results/figures	Fig13_UMAP_cytotoxic_like.pdf	55789	54.48KB	.pdf	application/pdf	2026-01-07T13:58:34.134699	2025-12-29T16:29:43	0o666	329187de8b9f378c9cb439398a192558ab6b8605d632731e19a86b97157960c4	archive_0002.zip	FALSE
results/figures/Fig14_UMAP_NK_like_strict.pdf	results/figures	Fig14_UMAP_NK_like_strict.pdf	55827	54.52KB	.pdf	application/pdf	2026-01-07T13:58:34.139790	2025-12-29T16:29:43	0o666	96ada038ad406b9dbfd7f547ee6f0a2bcd0be493753f61b585642aa865944499	archive_0002.zip	FALSE
results/figures/Fig15_FeaturePlot_NK_diagnosis_markers.pdf	results/figures	Fig15_FeaturePlot_NK_diagnosis_markers.pdf	585765	572.04KB	.pdf	application/pdf	2026-01-07T13:58:34.147310	2025-12-29T16:29:49	0o666	1a193c4e076784644defe0acc4a9362b59c9037b27892f103242896eb9f4e818	archive_0002.zip	FALSE
results/figures/Fig16_QC_cytotoxic_like_violin.pdf	results/figures	Fig16_QC_cytotoxic_like_violin.pdf	19463	19.01KB	.pdf	application/pdf	2026-01-07T13:58:34.155332	2025-12-29T16:29:50	0o666	dd11ca4ebd19083505d9fbf779dc9a4158cba79b87fb75462d3a8c695fa274e7	archive_0002.zip	FALSE
results/figures/Fig_NK_Check.pdf	results/figures	Fig_NK_Check.pdf	103352	100.93KB	.pdf	application/pdf	2026-01-07T13:58:34.161339	2025-12-29T15:26:10	0o666	7717fb37478e406e31b2940a25a24540fca6be445001a9cf42df74b7fec4a5af	archive_0002.zip	FALSE
results/figures/Volcano_EVT_1_Lm_24h_vs_UI.pdf	results/figures	Volcano_EVT_1_Lm_24h_vs_UI.pdf	493256	481.70KB	.pdf	application/pdf	2026-01-07T13:58:34.169853	2025-12-29T16:24:31	0o666	37da51bec897fde7129f239fadd9c5619a1252dac7d2d7ad1156775adb2a0d3b	archive_0002.zip	FALSE
results/figures/Volcano_EVT_1_Lm_48h_vs_UI.pdf	results/figures	Volcano_EVT_1_Lm_48h_vs_UI.pdf	298434	291.44KB	.pdf	application/pdf	2026-01-07T13:58:34.175362	2025-12-29T16:24:32	0o666	3b385eb9fb6187aa1ce8bf1fe2cee7d3a419d47cf5d6beb0c94b7cd9ba0d141a	archive_0002.zip	FALSE
results/figures/Volcano_EVT_1_Pf_24h_vs_UI.pdf	results/figures	Volcano_EVT_1_Pf_24h_vs_UI.pdf	513657	501.62KB	.pdf	application/pdf	2026-01-07T13:58:34.182362	2025-12-29T16:24:35	0o666	71bbc2671bcf4dd833f432177636cf6891a21572705d60bdd3ef964c362a7721	archive_0002.zip	FALSE
results/figures/Volcano_EVT_1_Tg_24h_vs_UI.pdf	results/figures	Volcano_EVT_1_Tg_24h_vs_UI.pdf	418190	408.39KB	.pdf	application/pdf	2026-01-07T13:58:34.189874	2025-12-29T16:24:37	0o666	0d8aa652a2269a35baf3dad667ca92d17ea2f38eeb5bef63f2102a5b5488fc19	archive_0002.zip	FALSE
results/figures/Volcano_HBC_Lm_24h_vs_UI.pdf	results/figures	Volcano_HBC_Lm_24h_vs_UI.pdf	864383	844.12KB	.pdf	application/pdf	2026-01-07T13:58:34.198402	2025-12-29T16:24:45	0o666	41725ccd8952d0d296dcc73b16df008deb779ff78331070c24b615d7b322bbb9	archive_0002.zip	FALSE
results/figures/Volcano_HBC_Lm_48h_vs_UI.pdf	results/figures	Volcano_HBC_Lm_48h_vs_UI.pdf	906186	884.95KB	.pdf	application/pdf	2026-01-07T13:58:34.204401	2025-12-29T16:24:49	0o666	66b85baaa75bfd6285108fc8b7532588e47570f7bffb5bb71a794fd17ca99bda	archive_0002.zip	FALSE
results/figures/Volcano_HBC_Pf_24h_vs_UI.pdf	results/figures	Volcano_HBC_Pf_24h_vs_UI.pdf	880422	859.79KB	.pdf	application/pdf	2026-01-07T13:58:34.209906	2025-12-29T16:24:54	0o666	f1bffa5937f5b9cb535038181bd118a20f60f7e0d556fc29b811f382029975d6	archive_0002.zip	FALSE
results/figures/Volcano_HBC_Tg_24h_vs_UI.pdf	results/figures	Volcano_HBC_Tg_24h_vs_UI.pdf	898980	877.91KB	.pdf	application/pdf	2026-01-07T13:58:34.217424	2025-12-29T16:24:58	0o666	0e4bee818a974e95506a088579c1a4ac63d641f2e9558bb8308e616abcf26830	archive_0002.zip	FALSE
results/figures/Volcano_PAMM1_Lm_24h_vs_UI.pdf	results/figures	Volcano_PAMM1_Lm_24h_vs_UI.pdf	621042	606.49KB	.pdf	application/pdf	2026-01-07T13:58:34.227811	2025-12-29T16:25:03	0o666	66cf7d02138a45bb2e66c10d944b4ad34533f46f2dd6fd6e78255ebd74c287b3	archive_0002.zip	FALSE
results/figures/Volcano_PAMM1_Lm_48h_vs_UI.pdf	results/figures	Volcano_PAMM1_Lm_48h_vs_UI.pdf	606737	592.52KB	.pdf	application/pdf	2026-01-07T13:58:34.236328	2025-12-29T16:25:05	0o666	902d0a8a1bab4e67c624730d2c0c2ffbe04fcd5bdc82fe22e15f8aab531b65cd	archive_0002.zip	FALSE
results/figures/Volcano_PAMM1_Pf_24h_vs_UI.pdf	results/figures	Volcano_PAMM1_Pf_24h_vs_UI.pdf	580262	566.66KB	.pdf	application/pdf	2026-01-07T13:58:34.242332	2025-12-29T16:25:09	0o666	61733a4e8131e67bc0bcbc5f382b76967993c72af454bb2381b9d64c5853eec6	archive_0002.zip	FALSE
results/figures/Volcano_PAMM1_Tg_24h_vs_UI.pdf	results/figures	Volcano_PAMM1_Tg_24h_vs_UI.pdf	597027	583.03KB	.pdf	application/pdf	2026-01-07T13:58:34.250355	2025-12-29T16:25:12	0o666	cafe17da5a1b3c49cf40c66a134d38a701343ce7ad19fc2707fb14b0fb869ef3	archive_0002.zip	FALSE
results/figures/Volcano_VCT_Lm_24h_vs_UI.pdf	results/figures	Volcano_VCT_Lm_24h_vs_UI.pdf	834367	814.81KB	.pdf	application/pdf	2026-01-07T13:58:34.257875	2025-12-29T16:24:16	0o666	2f71d60c35e4fef4a496054cbba81c0d8352232ba57894753df206b5946ec9eb	archive_0002.zip	FALSE
results/figures/Volcano_VCT_Lm_48h_vs_UI.pdf	results/figures	Volcano_VCT_Lm_48h_vs_UI.pdf	664871	649.29KB	.pdf	application/pdf	2026-01-07T13:58:34.266387	2025-12-29T16:24:19	0o666	f4dc3add79ec7cd2bbaa3c5cf7e10e507543bf1a14cb08aea53cf6a9b79b1112	archive_0002.zip	FALSE
results/figures/Volcano_VCT_Pf_24h_vs_UI.pdf	results/figures	Volcano_VCT_Pf_24h_vs_UI.pdf	806084	787.19KB	.pdf	application/pdf	2026-01-07T13:58:34.272387	2025-12-29T16:24:23	0o666	e12efd4ff351eb694f96e55fcea708e5e85891a7c705838790f1a6d2b3942322	archive_0002.zip	FALSE
results/figures/Volcano_VCT_Tg_24h_vs_UI.pdf	results/figures	Volcano_VCT_Tg_24h_vs_UI.pdf	791323	772.78KB	.pdf	application/pdf	2026-01-07T13:58:34.278909	2025-12-29T16:24:26	0o666	693ca41bc2ead66d5c69f8daf0c4c23471e4b02e9dba317d4db92cc77a069cf4	archive_0002.zip	FALSE
results/legends/DE.md	results/legends	DE.md	929	929.00B	.md		2026-01-07T13:58:34.292421	2026-01-05T18:27:46	0o666	866e3df95ed20ad5a51a3884532be52fee1274c935eac50553615257c4ebbc27	archive_0002.zip	FALSE
results/legends/Fig00_legend.md	results/legends	Fig00_legend.md	950	950.00B	.md		2026-01-07T13:58:34.297942	2025-12-29T16:28:40	0o666	ff62d611d1a9c244581b09ad9ec372ad4a8cbff0edac7f7423e14632899626e8	archive_0002.zip	FALSE
results/legends/Fig01.md	results/legends	Fig01.md	472	472.00B	.md		2026-01-07T13:58:34.302938	2026-01-07T13:56:37.597073	0o666	d5859e947d0d7295f68c2fcce885cbdf355952fb2a40fe1f1f9e8f48c1d435c0	archive_0002.zip	FALSE
results/legends/Fig01_Legend.txt	results/legends	Fig01_Legend.txt	551	551.00B	.txt	text/plain	2026-01-07T13:58:34.313453	2025-12-28T15:19:21	0o666	d4e15c0696a2b2d1cf847e4af9c8377acb64a3e9b47cccc0324c1a1bb23497e2	archive_0002.zip	FALSE
results/legends/Fig01_legend.md	results/legends	Fig01_legend.md	728	728.00B	.md		2026-01-07T13:58:34.307454	2025-12-29T16:28:42	0o666	f6e575d8ffb1782d7e1fdcdf99dab404079f06c8413753f11d1fc5775e0caa49	archive_0002.zip	FALSE
results/legends/Fig02.md	results/legends	Fig02.md	402	402.00B	.md		2026-01-07T13:58:34.320963	2026-01-07T13:56:39.348946	0o666	5a31fed40a5ef1fac28af6846e85f372f0695905a48b0edff33c1162c44771c5	archive_0002.zip	FALSE
results/legends/Fig02_Legend.txt	results/legends	Fig02_Legend.txt	501	501.00B	.txt	text/plain	2026-01-07T13:58:34.334476	2025-12-28T15:19:22	0o666	77e371180c6d930ca53990045ddad59a4e86ce6ab9fef30faf38b9ca5dcf8b15	archive_0002.zip	FALSE
results/legends/Fig02_legend.md	results/legends	Fig02_legend.md	630	630.00B	.md		2026-01-07T13:58:34.326475	2025-12-29T16:28:43	0o666	f1bd622d4232b0d4ae669b0a7aafbc1dd9624d566f9bcd658c7daaa76f07d040	archive_0002.zip	FALSE
results/legends/Fig03.md	results/legends	Fig03.md	396	396.00B	.md		2026-01-07T13:58:34.341996	2026-01-07T13:56:40.715382	0o666	11b130beeaac9f335b580a9e7cca3f6725e6c64681377773e0c3ffcb20434694	archive_0002.zip	FALSE
results/legends/Fig03_Legend.txt	results/legends	Fig03_Legend.txt	526	526.00B	.txt	text/plain	2026-01-07T13:58:34.355712	2025-12-28T15:19:25	0o666	c37e08764f24ead60984ef4e920c7d9df1d298aca3e42bf171c5fefa801a1c73	archive_0002.zip	FALSE
results/legends/Fig03_legend.md	results/legends	Fig03_legend.md	614	614.00B	.md		2026-01-07T13:58:34.347511	2025-12-29T16:28:44	0o666	06cd9a12d49657700b979097c438efd8dc6c617bbf739ba80f6646b1b66b3f10	archive_0002.zip	FALSE
results/legends/Fig04.md	results/legends	Fig04.md	440	440.00B	.md		2026-01-07T13:58:34.366228	2026-01-07T13:56:40.815799	0o666	eb1e5b9f06fa70168a09222a11a906b9f9213518eb90198a4fc98bbcbe603720	archive_0002.zip	FALSE
results/legends/Fig04A.md	results/legends	Fig04A.md	510	510.00B	.md		2026-01-07T13:58:34.373234	2026-01-05T18:00:04	0o666	97c266b474f04cba56207483c6ea5ca98fa81b9535b14534a282bbb96d97d56a	archive_0002.zip	FALSE
results/legends/Fig04_Legend.txt	results/legends	Fig04_Legend.txt	470	470.00B	.txt	text/plain	2026-01-07T13:58:34.391276	2025-12-28T15:19:28	0o666	7b7cb073f99e6e977e33a751c9cf505883bcc5c71b139bcc616b8e395ca80d2d	archive_0002.zip	FALSE
results/legends/Fig04_legend.md	results/legends	Fig04_legend.md	549	549.00B	.md		2026-01-07T13:58:34.381757	2025-12-29T16:28:45	0o666	65aafcdc58d9c49235d7f627318cd5e966a50c5b835bbe90be964ba9d9970097	archive_0002.zip	FALSE
results/legends/Fig05.md	results/legends	Fig05.md	647	647.00B	.md		2026-01-07T13:58:34.400368	2026-01-05T18:00:17	0o666	ec6af812364977c5274027f0ea3c6f142677be6ee0832fa657278201142bf432	archive_0002.zip	FALSE
results/legends/Fig05_Legend.txt	results/legends	Fig05_Legend.txt	576	576.00B	.txt	text/plain	2026-01-07T13:58:34.419591	2025-12-28T15:19:35	0o666	ab1b84f6733187d26671336264f61c43e7fda71648442f445d114880eda6edfb	archive_0002.zip	FALSE
results/legends/Fig05_legend.md	results/legends	Fig05_legend.md	783	783.00B	.md		2026-01-07T13:58:34.409498	2025-12-29T16:28:45	0o666	096fe43df27099d6cbc636671fff65b108d1806b62827bd60e332828bf041c90	archive_0002.zip	FALSE
results/legends/Fig06.md	results/legends	Fig06.md	474	474.00B	.md		2026-01-07T13:58:34.428102	2026-01-05T18:00:17	0o666	2abd1962a99af546e48afec0787c3b8698a86b4a65b6b6740131bb17b75be4ba	archive_0002.zip	FALSE
results/legends/Fig06_Legend.txt	results/legends	Fig06_Legend.txt	476	476.00B	.txt	text/plain	2026-01-07T13:58:34.447852	2025-12-28T15:19:39	0o666	ada8b523387615972017d1b43f119b4b512845cd345d048e17a7cff0e5ec90e2	archive_0002.zip	FALSE
results/legends/Fig06_legend.md	results/legends	Fig06_legend.md	752	752.00B	.md		2026-01-07T13:58:34.437618	2025-12-29T16:28:47	0o666	8c1649348ef49e74c4d918ad1bfc195290813ff3774e274d344bb30c16ef8df5	archive_0002.zip	FALSE
results/legends/Fig07.md	results/legends	Fig07.md	475	475.00B	.md		2026-01-07T13:58:34.457763	2026-01-05T18:00:17	0o666	e4610f16cdcedbf64dd3bfc02723837359dac72783fadd2f6a8c6badc4a44db9	archive_0002.zip	FALSE
results/legends/Fig07_Legend.txt	results/legends	Fig07_Legend.txt	505	505.00B	.txt	text/plain	2026-01-07T13:58:34.473282	2025-12-28T15:24:57	0o666	16322380e919ef382a6ac87ba957b6fe9ed9eb8caa275ba16e7c2223719a1cd9	archive_0002.zip	FALSE
results/legends/Fig07_legend.md	results/legends	Fig07_legend.md	607	607.00B	.md		2026-01-07T13:58:34.466278	2025-12-29T16:28:49	0o666	f2a095f3628a7241fc1d5f527d103b77ab1d318c15dd2c4aaf3e9e27ef82c10a	archive_0002.zip	FALSE
results/legends/Fig08.md	results/legends	Fig08.md	625	625.00B	.md		2026-01-07T13:58:34.480363	2026-01-05T18:00:35	0o666	930ff97d96e3a4c6fd01dd4680bcbc3e07980faf352071805b1e52e8cfbf8bdb	archive_0002.zip	FALSE
results/legends/Fig08_Legend.txt	results/legends	Fig08_Legend.txt	706	706.00B	.txt	text/plain	2026-01-07T13:58:34.503391	2025-12-28T16:37:05	0o666	cad238ca808aa1bb87265c387381745dcb22357b56fb45eda562c4b0b4e73c29	archive_0002.zip	FALSE
results/legends/Fig08_legend.md	results/legends	Fig08_legend.md	663	663.00B	.md		2026-01-07T13:58:34.494382	2025-12-29T16:28:51	0o666	ad01c1bd2bf8cebc5f43333d8c20b070e0a2bea23b602dac44e9524f14734ea7	archive_0002.zip	FALSE
results/legends/Fig08d.md	results/legends	Fig08d.md	601	601.00B	.md		2026-01-07T13:58:34.487878	2026-01-05T18:00:35	0o666	d01bcd901cc56e7da68e45a369ee60f9085e62d206aa6927f31139490f7b5681	archive_0002.zip	FALSE
results/legends/Fig09.md	results/legends	Fig09.md	714	714.00B	.md		2026-01-07T13:58:34.510911	2026-01-05T18:00:36	0o666	02a1e3cbc622566e7e96e1bc3e310cb77b57c3c8498b606e5b74a0d57dc4784b	archive_0002.zip	FALSE
results/legends/Fig09_Legend.txt	results/legends	Fig09_Legend.txt	618	618.00B	.txt	text/plain	2026-01-07T13:58:34.526942	2025-12-28T16:37:09	0o666	a8331097dd84d5580063184b2cd40688c8986a3efb2e85b46663b255dbded436	archive_0002.zip	FALSE
results/legends/Fig09_legend.md	results/legends	Fig09_legend.md	566	566.00B	.md		2026-01-07T13:58:34.519430	2025-12-29T16:29:27	0o666	7d2572fae7aae12f71352ae8b766a29a90c1250c7e713dde00653aa39d6f2ca8	archive_0002.zip	FALSE
results/legends/Fig10.md	results/legends	Fig10.md	583	583.00B	.md		2026-01-07T13:58:34.537461	2026-01-05T18:00:38	0o666	3ec264d8a3c6a5c62abeec6597aa61fdcdf9eed06a0a6e7b47c51d901fdc56de	archive_0002.zip	FALSE
results/legends/Fig10_legend.md	results/legends	Fig10_legend.md	595	595.00B	.md		2026-01-07T13:58:34.546812	2025-12-29T16:29:27	0o666	c2dc86c166c01f6774792ee7a6ea5252d11ec9480d2582a1ae71c28459af1675	archive_0002.zip	FALSE
results/legends/Fig11_legend.md	results/legends	Fig11_legend.md	571	571.00B	.md		2026-01-07T13:58:34.555834	2025-12-29T16:29:27	0o666	161d0fd9fb467dc26a3cbe65b70be5ca7fffde1471ee2fc1dfce94641093af18	archive_0002.zip	FALSE
results/legends/Fig12_legend.md	results/legends	Fig12_legend.md	906	906.00B	.md		2026-01-07T13:58:34.562835	2025-12-29T16:29:40	0o666	d13514c64d9e5454dab9e90425344a009144574df7bec4d055e4b9436a4c9266	archive_0002.zip	FALSE
results/legends/Fig13_legend.md	results/legends	Fig13_legend.md	747	747.00B	.md		2026-01-07T13:58:34.571355	2025-12-29T16:29:50	0o666	4f57ffde97a091fce16c6a574cdf1823a0ecbaa187f2113d63d3e0b6777f36f4	archive_0002.zip	FALSE
results/legends/Fig14_legend.md	results/legends	Fig14_legend.md	841	841.00B	.md		2026-01-07T13:58:34.578874	2025-12-29T16:29:50	0o666	4e2c1a3328004fa8a610a684a9c5c30174845cd741c1f9ed55c03191a3d5888f	archive_0002.zip	FALSE
results/legends/_ALL_FIGURE_LEGENDS.md	results/legends	_ALL_FIGURE_LEGENDS.md	10626	10.38KB	.md		2026-01-07T13:58:34.586380	2025-12-29T16:31:51	0o666	8b4a127c6f97d378edb418128a44d2a27bc55f2a7aec45b1595624cd5d4800cc	archive_0002.zip	FALSE
results/logs/run.log	results/logs	run.log	12360	12.07KB	.log		2026-01-07T13:58:34.606170	2026-01-07T13:56:40.817042	0o666	cabe1b8f6463fbd9f7e0aa382234156be0cea4b50474ed171a481c120c8fd7f6	archive_0002.zip	FALSE
results/tables/DE_EVT_1_Lm_24h_vs_UI.csv	results/tables	DE_EVT_1_Lm_24h_vs_UI.csv	1051954	1.00MB	.csv	application/vnd.ms-excel	2026-01-07T13:58:34.635712	2025-12-29T15:48:23	0o666	2ec76c514877c8ff215901ef6a07e50505b661276ad88af3f7cf93cf8d59d4d3	archive_0002.zip	FALSE
results/tables/DE_EVT_1_Lm_48h_vs_UI.csv	results/tables	DE_EVT_1_Lm_48h_vs_UI.csv	627132	612.43KB	.csv	application/vnd.ms-excel	2026-01-07T13:58:34.641714	2025-12-29T15:48:24	0o666	9ca4af943b896b487be1b15723adfa351e0e58c0ae9c93009ee8ed4c810507a0	archive_0002.zip	FALSE
results/tables/DE_EVT_1_Pf_24h_vs_UI.csv	results/tables	DE_EVT_1_Pf_24h_vs_UI.csv	1053968	1.01MB	.csv	application/vnd.ms-excel	2026-01-07T13:58:34.647236	2025-12-29T15:48:26	0o666	8e5b77ef50486222f349ad4acca3ddfacf536d940bb15a1508e3e30a91397c0d	archive_0002.zip	FALSE
results/tables/DE_EVT_1_Tg_24h_vs_UI.csv	results/tables	DE_EVT_1_Tg_24h_vs_UI.csv	868614	848.26KB	.csv	application/vnd.ms-excel	2026-01-07T13:58:34.653740	2025-12-29T15:48:29	0o666	54f3514ca26a1e8b32215e55e48ade68ad2c3292547e830859a0cfee0fa83979	archive_0002.zip	FALSE
results/tables/DE_HBC_Lm_24h_vs_UI.csv	results/tables	DE_HBC_Lm_24h_vs_UI.csv	1885860	1.80MB	.csv	application/vnd.ms-excel	2026-01-07T13:58:34.660980	2025-12-29T15:48:37	0o666	eccf748015f24e3e5da60789e202af45d93269a43300cd346c75ab24c3ffa950	archive_0002.zip	FALSE
results/tables/DE_HBC_Lm_48h_vs_UI.csv	results/tables	DE_HBC_Lm_48h_vs_UI.csv	2045826	1.95MB	.csv	application/vnd.ms-excel	2026-01-07T13:58:34.667498	2025-12-29T15:48:40	0o666	65d37bccf675f6432384230010612350f6e8b2e583033e74bf964ca772e85e8b	archive_0002.zip	FALSE
results/tables/DE_HBC_Pf_24h_vs_UI.csv	results/tables	DE_HBC_Pf_24h_vs_UI.csv	1816488	1.73MB	.csv	application/vnd.ms-excel	2026-01-07T13:58:34.676010	2025-12-29T15:48:44	0o666	3a3a5ce238ffca9446b051849a5725b43b266a97b79faf2f65774daefb07c755	archive_0002.zip	FALSE
results/tables/DE_HBC_Tg_24h_vs_UI.csv	results/tables	DE_HBC_Tg_24h_vs_UI.csv	1915733	1.83MB	.csv	application/vnd.ms-excel	2026-01-07T13:58:34.684515	2025-12-29T15:48:48	0o666	a62c2581f993147a9b954f05fce8314a61097e84bd47b0e2ba034292708baa61	archive_0002.zip	FALSE
results/tables/DE_PAMM1_Lm_24h_vs_UI.csv	results/tables	DE_PAMM1_Lm_24h_vs_UI.csv	1309861	1.25MB	.csv	application/vnd.ms-excel	2026-01-07T13:58:34.690522	2025-12-29T15:48:53	0o666	10efffa06ea2b23779ba63c39f587d9519430c090294347739ff1cec1ec97371	archive_0002.zip	FALSE
results/tables/DE_PAMM1_Lm_48h_vs_UI.csv	results/tables	DE_PAMM1_Lm_48h_vs_UI.csv	1320537	1.26MB	.csv	application/vnd.ms-excel	2026-01-07T13:58:34.696031	2025-12-29T15:48:56	0o666	6347132561278e658fc4ad82522b70ff6931863ca622023c5517941f84594938	archive_0002.zip	FALSE
results/tables/DE_PAMM1_Pf_24h_vs_UI.csv	results/tables	DE_PAMM1_Pf_24h_vs_UI.csv	1212407	1.16MB	.csv	application/vnd.ms-excel	2026-01-07T13:58:34.702038	2025-12-29T15:48:59	0o666	4020cecebd9f4d410d6ade7e729daf39d9dc311e1c4515eacca903c190facce6	archive_0002.zip	FALSE
results/tables/DE_PAMM1_Tg_24h_vs_UI.csv	results/tables	DE_PAMM1_Tg_24h_vs_UI.csv	1250630	1.19MB	.csv	application/vnd.ms-excel	2026-01-07T13:58:34.709557	2025-12-29T15:49:02	0o666	bdaefc918f809744ed0e56f6631ad24642df7036ac2d0ad314526e525b842b33	archive_0002.zip	FALSE
results/tables/DE_VCT_Lm_24h_vs_UI.csv	results/tables	DE_VCT_Lm_24h_vs_UI.csv	1761610	1.68MB	.csv	application/vnd.ms-excel	2026-01-07T13:58:34.717069	2025-12-29T15:48:09	0o666	223141b185122725f4ece3ceb22f36f14f8035967fcb439f6c9d880db0772240	archive_0002.zip	FALSE
results/tables/DE_VCT_Lm_48h_vs_UI.csv	results/tables	DE_VCT_Lm_48h_vs_UI.csv	1482642	1.41MB	.csv	application/vnd.ms-excel	2026-01-07T13:58:34.723072	2025-12-29T15:48:11	0o666	8ef09bdcacc37242649ee4d7e9da296260f2877070b8c0bcea3ecea996676619	archive_0002.zip	FALSE
results/tables/DE_VCT_Pf_24h_vs_UI.csv	results/tables	DE_VCT_Pf_24h_vs_UI.csv	1656573	1.58MB	.csv	application/vnd.ms-excel	2026-01-07T13:58:34.732590	2025-12-29T15:48:15	0o666	40e882ad4960b24ecbb2ff0000677499c14a10b7f81ba670e2a2198ce47eb1c1	archive_0002.zip	FALSE
results/tables/DE_VCT_Tg_24h_vs_UI.csv	results/tables	DE_VCT_Tg_24h_vs_UI.csv	1689092	1.61MB	.csv	application/vnd.ms-excel	2026-01-07T13:58:34.741107	2025-12-29T15:48:19	0o666	b4c75fdbe9f469be8fc54979f3f33c7de8feba690f3a3ae16644bf1c4901b296	archive_0002.zip	FALSE
results/tables/NK_like_strict_abundance_by_infection_hpi.csv	results/tables	NK_like_strict_abundance_by_infection_hpi.csv	202	202.00B	.csv	application/vnd.ms-excel	2026-01-07T13:58:34.766713	2025-12-29T16:29:50	0o666	1249b31d053fa6fa70ff49705e42fa75d93aafe090015989f52ae10fb77b6c78	archive_0002.zip	FALSE
results/tables/celltype_composition_by_infection.csv	results/tables	celltype_composition_by_infection.csv	2029	1.98KB	.csv	application/vnd.ms-excel	2026-01-07T13:58:34.623689	2025-12-29T16:28:45	0o666	56725c525d7597d4de8f0b3e11f1f6d8319df0d58cd5626c0d662bb15dbb2f9d	archive_0002.zip	FALSE
results/tables/cor_susceptibility_severity_by_infection_hpi.csv	results/tables	cor_susceptibility_severity_by_infection_hpi.csv	225	225.00B	.csv	application/vnd.ms-excel	2026-01-07T13:58:34.630201	2025-12-29T16:29:40	0o666	346a894e0c514c32ffc0ba607fc49351b5e0adb0c269bed9fd2a1aa49eb8fa28	archive_0002.zip	FALSE
results/tables/immune_like_counts_by_stage.csv	results/tables	immune_like_counts_by_stage.csv	2761	2.70KB	.csv	application/vnd.ms-excel	2026-01-07T13:58:34.748626	2025-12-28T16:37:14	0o666	473e329dfef67fb71132e496198a2bd89338aad6a6539753fdd45b81507fbe3d	archive_0002.zip	FALSE
results/tables/module_scores_by_celltype.csv	results/tables	module_scores_by_celltype.csv	1138	1.11KB	.csv	application/vnd.ms-excel	2026-01-07T13:58:34.754643	2025-12-29T16:29:24	0o666	43ca7f4791fca5fd41c109429abdf64fb4c0196d4ad8be2256e20564eabecb98	archive_0002.zip	FALSE
results/tables/module_scores_by_infection_and_celltype.csv	results/tables	module_scores_by_infection_and_celltype.csv	4511	4.41KB	.csv	application/vnd.ms-excel	2026-01-07T13:58:34.760650	2025-12-29T16:29:24	0o666	e58657b364c054301880c3058dbadd95682f7dfebeef0dfb7edf150296027cc1	archive_0002.zip	FALSE
results/tables/qc_summary.csv	results/tables	qc_summary.csv	102	102.00B	.csv	application/vnd.ms-excel	2026-01-07T13:58:34.772709	2025-12-29T16:28:38	0o666	b3351b69e5c9e859d41fe1f72bf137cab5b497d5aa9012289d179c4c784b30ea	archive_0002.zip	FALSE
results/tables/sample_level_module_means.csv	results/tables	sample_level_module_means.csv	4161	4.06KB	.csv	application/vnd.ms-excel	2026-01-07T13:58:34.778220	2025-12-29T16:29:40	0o666	98d7c6c2f1b36c90dbf8be69e0aaa36acc096440898161d35a151f4592b447bd	archive_0002.zip	FALSE
results/tables/sample_level_scores.csv	results/tables	sample_level_scores.csv	4014	3.92KB	.csv	application/vnd.ms-excel	2026-01-07T13:58:34.784721	2025-12-28T16:37:07	0o666	2f113a07ab2fbf4bcc2f2145392162790c65e90d388f859459842218a9fda799	archive_0002.zip	FALSE
scripts.zip	.	scripts.zip	19633	19.17KB	.zip	application/x-zip-compressed	2026-03-01T13:14:21.583797	2026-03-01T13:14:21.685310	0o666	8c15d30e8c3dd1901b7ce6231f6515ec45ecb6267d3ca92519bf75dfe66e431b	archive_0002.zip	FALSE
scripts/01_load_make_seurat.R	scripts	01_load_make_seurat.R	1773	1.73KB	.r		2026-01-07T13:58:34.798238	2025-12-27T19:12:36	0o666	dbe5fc573a383f0d3b9db429ae996a01bf984146b244913269267e0dfab55011	archive_0002.zip	FALSE
scripts/01_master_pipeline.R	scripts	01_master_pipeline.R	18239	17.81KB	.r		2026-01-07T13:58:34.803238	2025-12-29T16:11:31	0o666	f836830e0f4809719bf3526350001ce283587a3e602935e0e4b9773567303209	archive_0002.zip	FALSE
scripts/02_qc_overview.R	scripts	02_qc_overview.R	2085	2.04KB	.r		2026-01-07T13:58:34.808747	2025-12-27T19:12:36	0o666	868a9d22233695d862d88a88b3d91ed85d4ec57fce0da9fa3775d76fd04626cf	archive_0002.zip	FALSE
scripts/03_core_umaps_and_composition.R	scripts	03_core_umaps_and_composition.R	4523	4.42KB	.r		2026-01-07T13:58:34.816261	2025-12-27T19:12:36	0o666	6fc436e63c171e08c19ccee6ed60a04a00721a09e7b1dd476540c7688f928711	archive_0002.zip	FALSE
scripts/04_gene_sets_scores_plots.R	scripts	04_gene_sets_scores_plots.R	5389	5.26KB	.r		2026-01-07T13:58:34.821260	2025-12-27T19:12:36	0o666	d78ad19d4f6d921e157879cd0bf949fdcd9aa02367bbde775f7698264f88db96	archive_0002.zip	FALSE
scripts/05_susceptibility_severity_models.R	scripts	05_susceptibility_severity_models.R	2322	2.27KB	.r		2026-01-07T13:58:34.827779	2025-12-27T19:12:36	0o666	51e366f9f895245e96edf509b6bab359168adc8b46c7ad84eca3d560c3750acf	archive_0002.zip	FALSE
scripts/06_nk_cytotoxic_module.R	scripts	06_nk_cytotoxic_module.R	4222	4.12KB	.r		2026-01-07T13:58:34.834284	2025-12-27T19:12:36	0o666	dd19e742d0ecc4229b43e789516e8ae1b512c30950a809c41e10f7c7c916c12e	archive_0002.zip	FALSE
scripts/placenta_fn_pipeline.R	scripts	placenta_fn_pipeline.R	7649	7.47KB	.r		2026-01-07T13:58:34.839290	2025-12-29T14:45:04	0o666	612def8a24807a4d268689d5cde25546af83290d07c37d5aa0be4529b9d7ee65	archive_0002.zip	FALSE
seu_rna.full.rds	.	seu_rna.full.rds	1419676445	1.32GB	.rds		2026-03-09T14:04:43.118458	2026-03-09T14:07:25.195025	0o666	a9c9d7ba26def892772f95d93a1a5caf18fed612adeb94d0736c9ecd79dc1689		TRUE
seu_with_nk_flags_meta.data.csv	.	seu_with_nk_flags_meta.data.csv	63234586	60.31MB	.csv	application/vnd.ms-excel	2026-03-01T13:30:08.967211	2026-03-01T13:30:13.215989	0o666	ac84726921fd9d43363cbe764fc6917c82a7bd97406e159aec830f4fd47b1af2	archive_0003.zip	FALSE
